{"min_z":-22.277351138838419,"max_z":22.277351138838419,"max_y":0.37762904597452374,"min_y":-134.07238413732131,"min_x":-72.296326799822026,"max_x":63.130104230019903}