{"min_z":-26.609058304723668,"max_z":26.609058304723668,"max_y":0.4510569160251256,"min_y":-160.14201438624488,"min_x":-86.353945899787433,"max_x":75.405402274745995}